Descript,predCategory
ARSON,OTHER OFFENSES
ARSON OF A VEHICLE,LARCENY/THEFT
"AGGRAVATED ASSAULT OF POLICE OFFICER,BODILY FORCE",ASSAULT
AGGRAVATED ASSAULT WITH A DEADLY WEAPON,ASSAULT
AGGRAVATED ASSAULT WITH A GUN,ASSAULT
AGGRAVATED ASSAULT WITH A KNIFE,ASSAULT
AGGRAVATED ASSAULT WITH BODILY FORCE,ASSAULT
ASSAULT,ASSAULT
ASSAULT ON A POLICE OFFICER WITH A DEADLY WEAPON,ASSAULT
"ASSAULT, AGGRAVATED, W/ GUN",ASSAULT
ATTEMPTED HOMICIDE WITH A GUN,ASSAULT
ATTEMPTED HOMICIDE WITH A KNIFE,ASSAULT
ATTEMPTED SIMPLE ASSAULT,ASSAULT
BATTERY,ASSAULT
BATTERY OF A POLICE OFFICER,ASSAULT
BATTERY WITH SERIOUS INJURIES,ASSAULT
"BATTERY, FORMER SPOUSE OR DATING RELATIONSHIP",ASSAULT
CHILD ABUSE (PHYSICAL),ASSAULT
"CHILD, INFLICTING INJURY RESULTING IN TRAUMATIC CONDITION",ASSAULT
ELDER ADULT OR DEPENDENT ABUSE (NOT EMBEZZLEMENT OR THEFT),ASSAULT
FALSE IMPRISONMENT,OTHER OFFENSES
"FIREARM, DISCHARGING AT OCCUPIED BLDG, VEHICLE, OR AIRCRAFT",ASSAULT
INFLICT INJURY ON COHABITEE,ASSAULT
SHOOTING INTO INHABITED DWELLING OR OCCUPIED VEHICLE,ASSAULT
STALKING,ASSAULT
THREATENING PHONE CALL(S),ASSAULT
THREATS AGAINST LIFE,ASSAULT
WILLFUL CRUELTY TO CHILD,ASSAULT
"BURGLARY OF APARTMENT HOUSE, FORCIBLE ENTRY",BURGLARY
"BURGLARY OF APARTMENT HOUSE, UNLAWFUL ENTRY",BURGLARY
"BURGLARY OF FLAT, FORCIBLE ENTRY",BURGLARY
"BURGLARY OF FLAT, UNLAWFUL ENTRY",BURGLARY
"BURGLARY OF HOTEL ROOM, UNLAWFUL ENTRY",BURGLARY
"BURGLARY OF RESIDENCE, ATTEMPTED FORCIBLE ENTRY",BURGLARY
"BURGLARY OF RESIDENCE, FORCIBLE ENTRY",BURGLARY
"BURGLARY OF RESIDENCE, UNLAWFUL ENTRY",BURGLARY
"BURGLARY OF STORE, FORCIBLE ENTRY",BURGLARY
"BURGLARY OF STORE, UNLAWFUL ENTRY",BURGLARY
"BURGLARY OF WAREHOUSE, UNLAWFUL ENTRY",BURGLARY
"BURGLARY, ATTEMPTED FORCIBLE ENTRY",BURGLARY
"BURGLARY, FORCIBLE ENTRY",BURGLARY
"BURGLARY, HOT PROWL, ATTEMPTED FORCIBLE ENTRY",BURGLARY
"BURGLARY, HOT PROWL, FORCIBLE ENTRY",BURGLARY
"BURGLARY, HOT PROWL, UNLAWFUL ENTRY",BURGLARY
"BURGLARY, UNLAWFUL ENTRY",BURGLARY
"BURGLARY, VEHICLE (ARREST MADE)",BURGLARY
"BURGLARY,APT UNDER CONSTRUCTION, UNLAWFUL ENTRY",BURGLARY
"BURGLARY,BLDG. UNDER CONSTRUCTION, FORCIBLE ENTRY",BURGLARY
"BURGLARY,RESIDENCE UNDER CONSTRT, FORCIBLE ENTRY",BURGLARY
"BURGLARY,RESIDENCE UNDER CONSTRT, UNLAWFUL ENTRY",BURGLARY
"BURGLARY,STORE UNDER CONSTRUCTION, ATT. FORCIBLE",BURGLARY
"BURGLARY,STORE UNDER CONSTRUCTION, FORCIBLE ENTRY",BURGLARY
"BURGLARY,STORE UNDER CONSTRUCTION, UNLAWFUL ENTRY",BURGLARY
"BURGLARY,WAREHOUSE UNDER CONSTRT, UNLAWFUL ENTRY",BURGLARY
COMMITTING PUBLIC NUISANCE,DISORDERLY CONDUCT
DISTURBING THE PEACE,DISORDERLY CONDUCT
"DISTURBING THE PEACE, SWEARING",DISORDERLY CONDUCT
MAINTAINING A PUBLIC NUISANCE,DISORDERLY CONDUCT
MAINTAINING A PUBLIC NUISANCE AFTER NOTIFICATION,DISORDERLY CONDUCT
DRIVING WHILE UNDER THE INFLUENCE OF ALCOHOL,DRIVING UNDER THE INFLUENCE
"CONTROLLED SUBSTANCE VIOLATION, LOITERING FOR",DRUG/NARCOTIC
POSSESSION OF AMPHETAMINE,DRUG/NARCOTIC
POSSESSION OF BASE/ROCK COCAINE,DRUG/NARCOTIC
POSSESSION OF BASE/ROCK COCAINE FOR SALE,DRUG/NARCOTIC
POSSESSION OF COCAINE,DRUG/NARCOTIC
POSSESSION OF COCAINE FOR SALES,DRUG/NARCOTIC
POSSESSION OF CONTROLLED SUBSTANCE,DRUG/NARCOTIC
POSSESSION OF CONTROLLED SUBSTANCE FOR SALE,DRUG/NARCOTIC
POSSESSION OF HALLUCINOGENIC,DRUG/NARCOTIC
POSSESSION OF HEROIN,DRUG/NARCOTIC
POSSESSION OF HEROIN FOR SALES,DRUG/NARCOTIC
POSSESSION OF MARIJUANA,DRUG/NARCOTIC
POSSESSION OF MARIJUANA FOR SALES,DRUG/NARCOTIC
POSSESSION OF METH-AMPHETAMINE,DRUG/NARCOTIC
POSSESSION OF METH-AMPHETAMINE FOR SALE,DRUG/NARCOTIC
POSSESSION OF NARCOTICS PARAPHERNALIA,DRUG/NARCOTIC
POSSESSION OF OPIATES FOR SALES,DRUG/NARCOTIC
POSSESSION OF OPIUM,DRUG/NARCOTIC
SALE OF BASE/ROCK COCAINE,DRUG/NARCOTIC
SALE OF CONTROLLED SUBSTANCE,DRUG/NARCOTIC
SALE OF HEROIN,DRUG/NARCOTIC
SALE OF MARIJUANA,DRUG/NARCOTIC
TRANSPORTATION OF MARIJUANA,DRUG/NARCOTIC
UNDER INFLUENCE OF DRUGS IN A PUBLIC PLACE,DRUNKENNESS
UNDER THE INFLUENCE OF CONTROLLED SUBSTANCES,DRUG/NARCOTIC
VISITING WHERE DRUGS ARE USED OR SMOKED,DRUG/NARCOTIC
UNDER INFLUENCE OF ALCOHOL IN A PUBLIC PLACE,DRUNKENNESS
EMBEZZLEMENT (GENERAL),OTHER OFFENSES
"EMBEZZLEMENT, GRAND THEFT",LARCENY/THEFT
"EMBEZZLEMENT, PETTY THEFT",LARCENY/THEFT
ABANDONMENT OF CHILD,ASSAULT
DESERTION OF CHILD,ASSAULT
"CHECKS OR LEGAL INSTRUMENTS, UTTERING FORGED",FORGERY/COUNTERFEITING
"CHECKS, FORGERY (FELONY)",FORGERY/COUNTERFEITING
"CHECKS, MAKE OR PASS FICTITIOUS",FORGERY/COUNTERFEITING
"COUNTERFEITING, COINS OR NOTES",FORGERY/COUNTERFEITING
"COUNTERFEITING, POSSESSION COINS OR NOTES",FORGERY/COUNTERFEITING
FALSIFYING JUDICIAL & PUBLIC RECORDS & DOCUMENTS,FORGERY/COUNTERFEITING
FORGERY & COUNTERFEITING (GENERAL),FORGERY/COUNTERFEITING
"FORGERY, DRIVERS LICENSE OR ID-CARD",FORGERY/COUNTERFEITING
"FORGERY, FALSE ENTRIES IN RECORDS OR RETURNS",FORGERY/COUNTERFEITING
"FORGERY, NOTES",FORGERY/COUNTERFEITING
"MONEY, CHANGING FACE AMOUNT",FORGERY/COUNTERFEITING
"ACCESS CARD INFORMATION, THEFT OF",FRAUD
"CREDIT CARD, INCOMPLETE OR COUNTERFEIT",FRAUD
"CREDIT CARD, THEFT BY USE OF",FRAUD
"CREDIT CARD, THEFT OF",LARCENY/THEFT
DEFRAUDING AN INNKEEPER,FRAUD
FALSE ID TO PEACE OFFICER,FRAUD
"FALSE PRETENSES, GRAND THEFT",FRAUD
"FALSE PRETENSES, PETTY THEFT",FRAUD
"FORGERY, CREDIT CARD",FRAUD
FRAUDULENT CREDIT APPLICATION,FRAUD
FRAUDULENT USE OF AUTOMATED TELLER CARD,FRAUD
"TRICK AND DEVICE, GRAND THEFT",FRAUD
CHILD STEALING,ASSAULT
"KIDNAPPING, ADULT VICTIM",KIDNAPPING
ATTEMPTED PETTY THEFT OF PROPERTY,LARCENY/THEFT
ATTEMPTED SHOPLIFTING,LARCENY/THEFT
ATTEMPTED THEFT FROM A BUILDING,LARCENY/THEFT
ATTEMPTED THEFT FROM LOCKED VEHICLE,LARCENY/THEFT
GRAND THEFT BICYCLE,LARCENY/THEFT
GRAND THEFT FROM A BUILDING,LARCENY/THEFT
GRAND THEFT FROM LOCKED AUTO,LARCENY/THEFT
GRAND THEFT FROM PERSON,LARCENY/THEFT
GRAND THEFT FROM UNLOCKED AUTO,LARCENY/THEFT
GRAND THEFT OF PROPERTY,LARCENY/THEFT
GRAND THEFT PICKPOCKET,LARCENY/THEFT
GRAND THEFT PURSESNATCH,LARCENY/THEFT
GRAND THEFT SHOPLIFTING,LARCENY/THEFT
"LOST PROPERTY, GRAND THEFT",LARCENY/THEFT
"LOST PROPERTY, PETTY THEFT",LARCENY/THEFT
PETTY THEFT AUTO STRIP,LARCENY/THEFT
PETTY THEFT BICYCLE,LARCENY/THEFT
PETTY THEFT FROM A BUILDING,LARCENY/THEFT
PETTY THEFT FROM LOCKED AUTO,LARCENY/THEFT
PETTY THEFT FROM UNLOCKED AUTO,LARCENY/THEFT
PETTY THEFT OF PROPERTY,LARCENY/THEFT
PETTY THEFT SHOPLIFTING,LARCENY/THEFT
PETTY THEFT WITH PRIOR,LARCENY/THEFT
THEFT FROM MERCHANT OR LIBRARY,LARCENY/THEFT
THEFT OF CHECKS OR CREDIT CARDS,LARCENY/THEFT
CONSUMING ALCOHOL IN PUBLIC VIEW,LIQUOR LAWS
SALE OF ALCOHOL TO MINOR,OTHER OFFENSES
OBSTRUCTING PUBLIC THOROUGHFARE,LOITERING
FOUND PERSON,MISSING PERSON
MISSING ADULT,MISSING PERSON
MISSING JUVENILE,MISSING PERSON
AIDED CASE,NON-CRIMINAL
"AIDED CASE, DOG BITE",NON-CRIMINAL
"AIDED CASE, INJURED PERSON",NON-CRIMINAL
"AIDED CASE, MENTAL DISTURBED",NON-CRIMINAL
CASE CLOSURE,NON-CRIMINAL
"CIVIL SIDEWALKS, CITATION",NON-CRIMINAL
"CIVIL SIDEWALKS, WARNING",NON-CRIMINAL
COURTESY REPORT,NON-CRIMINAL
"DEATH REPORT, CAUSE UNKNOWN",NON-CRIMINAL
"DEATH REPORT, NATURAL CAUSES",NON-CRIMINAL
FIRE REPORT,NON-CRIMINAL
FOUND PROPERTY,NON-CRIMINAL
IMPOUNDED VEHICLE,NON-CRIMINAL
"LICENSE PLATE, FOUND",OTHER OFFENSES
LOCATED PROPERTY,NON-CRIMINAL
LOST PROPERTY,NON-CRIMINAL
PROPERTY FOR IDENTIFICATION,NON-CRIMINAL
SEARCH WARRANT SERVICE,NON-CRIMINAL
SHELTER,NON-CRIMINAL
"STAY AWAY OR COURT ORDER, NON-DV RELATED",NON-CRIMINAL
TARASOFF REPORT,NON-CRIMINAL
TRAFFIC ACCIDENT,NON-CRIMINAL
TURNED IN GUN,NON-CRIMINAL
ACTS AGAINST PUBLIC TRANSIT,OTHER OFFENSES
CONSPIRACY,OTHER OFFENSES
CONTRIBUTING TO THE DELINQUENCY OF MINOR,OTHER OFFENSES
DANGER OF LEADING IMMORAL LIFE,OTHER OFFENSES
DEFRAUDING TAXI DRIVER,OTHER OFFENSES
"DRIVERS LICENSE, SUSPENDED OR REVOKED",OTHER OFFENSES
EVADING A POLICE OFFICER RECKLESSLY,OTHER OFFENSES
FAILURE TO REGISTER AS SEX OFFENDER,OTHER OFFENSES
FALSE EVIDENCE OF VEHICLE REGISTRATION,OTHER OFFENSES
FALSE PERSONATION,OTHER OFFENSES
FALSE PERSONATION TO RECEIVE MONEY OR PROPERTY,OTHER OFFENSES
FALSE REPORT OF BOMB,OTHER OFFENSES
FALSE REPORT OF CRIME,OTHER OFFENSES
"FRAUDULENT GAME OR TRICK, OBTAINING MONEY OR PROPERTY",OTHER OFFENSES
HARASSING PHONE CALLS,OTHER OFFENSES
INDECENT EXPOSURE,OTHER OFFENSES
INJURY TO TELEGRAPH/TELEPHONE LINES,OTHER OFFENSES
INTOXICATED JUVENILE,OTHER OFFENSES
LOST/STOLEN LICENSE PLATE,OTHER OFFENSES
MISCELLANEOUS INVESTIGATION,OTHER OFFENSES
MISCELLANEOUS STATE MISDEMEANOR,OTHER OFFENSES
"MONEY, PROPERTY OR LABOR, FRAUDULENTLY OBTAINING",OTHER OFFENSES
OBSCENE PHONE CALLS(S),OTHER OFFENSES
OPERATING TAXI WITHOUT A PERMIT,OTHER OFFENSES
PAROLE VIOLATION,OTHER OFFENSES
PEDDLING WITHOUT A LICENSE,OTHER OFFENSES
"PERMIT VIOLATION, POLICE (GENERAL)",OTHER OFFENSES
POSSESSION OF BURGLARY TOOLS,OTHER OFFENSES
POSSESSION OF BURGLARY TOOLS W/PRIORS,OTHER OFFENSES
PROBATION VIOLATION,OTHER OFFENSES
RESISTING ARREST,OTHER OFFENSES
RESTRAINING ORDER NOTIFICATION/SERVICE OF RESTRAINING ORDER,OTHER OFFENSES
"STAY AWAY ORDER VIOLATION, DV RELATED",OTHER OFFENSES
TAMPERING WITH A VEHICLE,OTHER OFFENSES
"TRAFFIC COLLISION, HIT & RUN, PROPERTY DAMAGE",OTHER OFFENSES
TRAFFIC VIOLATION,OTHER OFFENSES
TRAFFIC VIOLATION ARREST,OTHER OFFENSES
UNKNOWN COMPLAINT,OTHER OFFENSES
VIOLATION OF EMERGENCY PROTECTIVE ORDER,OTHER OFFENSES
VIOLATION OF MUNICIPAL CODE,OTHER OFFENSES
VIOLATION OF MUNICIPAL POLICE CODE,OTHER OFFENSES
VIOLATION OF PARK CODE,OTHER OFFENSES
VIOLATION OF RESTRAINING ORDER,OTHER OFFENSES
VIOLATION OF STAY AWAY ORDER,OTHER OFFENSES
INDECENT EXPOSURE - PROSTITUTION RELATED,OTHER OFFENSES
LOITERING FOR PURPOSE OF PROSTITUTION,PROSTITUTION
SOLICITS FOR ACT OF PROSTITUTION,PROSTITUTION
SOLICITS TO VISIT HOUSE OF PROSTITUTION,PROSTITUTION
RECOVERED VEHICLE - STOLEN OUTSIDE SF,VEHICLE THEFT
"VEHICLE, RECOVERED, AUTO",VEHICLE THEFT
"VEHICLE, RECOVERED, CAMPER-HOUSE CAR-MOTOR HOME",VEHICLE THEFT
ATTEMPTED ROBBERY ON THE STREET W/DEADLY WEAPON,ROBBERY
ATTEMPTED ROBBERY ON THE STREET WITH A GUN,ROBBERY
ATTEMPTED ROBBERY ON THE STREET WITH BODILY FORCE,ROBBERY
ATTEMPTED ROBBERY SERVICE STATION WITH A GUN,ROBBERY
ATTEMPTED ROBBERY WITH A KNIFE,ROBBERY
ATTEMPTED ROBBERY WITH BODILY FORCE,ROBBERY
CARJACKING WITH A DANGEROUS WEAPON,ROBBERY
CARJACKING WITH A GUN,ROBBERY
CARJACKING WITH BODILY FORCE,ROBBERY
ROBBERY OF A BANK WITH BODILY FORCE,ROBBERY
ROBBERY OF A CHAIN STORE WITH A DANGEROUS WEAPON,ROBBERY
ROBBERY OF A COMMERCIAL ESTABLISHMENT WITH A GUN,ROBBERY
"ROBBERY OF A COMMERCIAL ESTABLISHMENT, STRONGARM",ROBBERY
ROBBERY ON THE STREET WITH A DANGEROUS WEAPON,ROBBERY
ROBBERY ON THE STREET WITH A GUN,ROBBERY
ROBBERY ON THE STREET WITH A KNIFE,ROBBERY
"ROBBERY ON THE STREET, STRONGARM",ROBBERY
"ROBBERY, ARMED WITH A DANGEROUS WEAPON",ROBBERY
"ROBBERY, ARMED WITH A GUN",ROBBERY
"ROBBERY, ARMED WITH A KNIFE",ROBBERY
"ROBBERY, BODILY FORCE",ROBBERY
RUNAWAY,OTHER OFFENSES
ATM RELATED CRIME,SECONDARY CODES
DOMESTIC VIOLENCE,SECONDARY CODES
GANG ACTIVITY,SECONDARY CODES
JUVENILE INVOLVED,SECONDARY CODES
PREJUDICE-BASED INCIDENT,SECONDARY CODES
"ATTEMPTED RAPE, BODILY FORCE","SEX OFFENSES, FORCIBLE"
CHILD ABUSE SEXUAL,"SEX OFFENSES, FORCIBLE"
"CHILD ABUSE, EXPLOITATION","SEX OFFENSES, FORCIBLE"
"FORCIBLE RAPE, ARMED WITH A SHARP INSTRUMENT","SEX OFFENSES, FORCIBLE"
"FORCIBLE RAPE, BODILY FORCE","SEX OFFENSES, FORCIBLE"
"SEXUAL ASSAULT, ADMINISTERING DRUG TO COMMIT","SEX OFFENSES, FORCIBLE"
SEXUAL BATTERY,ASSAULT
RECEIVING STOLEN PROPERTY,NON-CRIMINAL
"STOLEN PROPERTY, POSSESSION WITH KNOWLEDGE, RECEIVING",STOLEN PROPERTY
INVESTIGATIVE DETENTION,SUSPICIOUS OCC
SUSPICIOUS ACT TOWARDS CHILD,SUSPICIOUS OCC
SUSPICIOUS ACT TOWARDS FEMALE,SUSPICIOUS OCC
SUSPICIOUS OCCURRENCE,SUSPICIOUS OCC
SUSPICIOUS PERSON,SUSPICIOUS OCC
UNUSUAL OCCURENCE,SUSPICIOUS OCC
LODGING WITHOUT PERMISSION,TRESPASS
TRESPASSING,TRESPASS
TRESPASSING ON RAILROAD TRAINS,TRESPASS
"ELECTRICAL  OR GAS LINES, INTERFERING WITH",VANDALISM
GRAFFITI ON GOVERNMENT VEHICLES OR PUBLIC TRANSPORTATION,VANDALISM
MALICIOUS MISCHIEF,VANDALISM
"MALICIOUS MISCHIEF, BREAKING WINDOWS",VANDALISM
"MALICIOUS MISCHIEF, BREAKING WINDOWS WITH BB GUN",VANDALISM
"MALICIOUS MISCHIEF, FICTITIOUS PHONE CALLS",OTHER OFFENSES
"MALICIOUS MISCHIEF, GRAFFITI",VANDALISM
"MALICIOUS MISCHIEF, TIRE SLASHING",VANDALISM
"MALICIOUS MISCHIEF, VANDALISM",VANDALISM
"MALICIOUS MISCHIEF, VANDALISM OF VEHICLES",VANDALISM
"VANDALISM OR GRAFFITI TOOLS, POSSESSION",OTHER OFFENSES
ATTEMPTED STOLEN VEHICLE,VEHICLE THEFT
STOLEN AND RECOVERED VEHICLE,VEHICLE THEFT
STOLEN AUTOMOBILE,VEHICLE THEFT
STOLEN MOTORCYCLE,VEHICLE THEFT
STOLEN TRUCK,VEHICLE THEFT
"VEHICLE, RECOVERED, OTHER VEHICLE",VEHICLE THEFT
"VEHICLE, RENTAL, FAILURE TO RETURN",VEHICLE THEFT
ENROUTE TO ADULT AUTHORITY,WARRANTS
ENROUTE TO DEPARTMENT OF CORRECTIONS,WARRANTS
ENROUTE TO OUTSIDE JURISDICTION,WARRANTS
ENROUTE TO PAROLE OFFICER,WARRANTS
ENROUTE TO U.S. MARSHALL,WARRANTS
WARRANT ARREST,WARRANTS
CARRYING A CONCEALED WEAPON,WEAPON LAWS
DISCHARGE FIREARM AT AN INHABITED DWELLING,WEAPON LAWS
DISCHARGE FIREARM WITHIN CITY LIMITS,WEAPON LAWS
EXHIBITING DEADLY WEAPON IN A THREATING MANNER,WEAPON LAWS
"FIREARM, LOADED, IN VEHICLE, POSSESSION OR USE",VEHICLE THEFT
POSS OF FIREARM BY CONVICTED FELON/ADDICT/ALIEN,WEAPON LAWS
POSS OF LOADED FIREARM,WEAPON LAWS
POSS OF PROHIBITED WEAPON,WEAPON LAWS
"SWITCHBLADE KNIFE, POSSESSION",WEAPON LAWS
"WEAPON, DEADLY, CARRYING WITH INTENT TO COMMIT ASSAULT",WEAPON LAWS
ARSON OF A VACANT BUILDING,ARSON
ASSAULT WITH CAUSTIC CHEMICALS,ASSAULT
DISCHARGING IN GROSSLY NEGLIGENT MANNER,ASSAULT
TERRORIZING BY MARKING PRIVATE PROPERTY,ASSAULT
UNLAWFUL DISSUADING/THREATENING OF A WITNESS,ASSAULT
"CHECKS, NON-SUFFICIENT FUNDS (FELONY)",BAD CHECKS
"CHECKS, NON-SUFFICIENT FUNDS (MISDEMEANOR)",BAD CHECKS
"BURGLARY OF APARTMENT HOUSE, ATT FORCIBLE ENTRY",BURGLARY
"BURGLARY OF WAREHOUSE, FORCIBLE ENTRY",BURGLARY
"BURGLARY, VEHICLE, ATT. (ARREST MADE)",BURGLARY
"BURGLARY,FLAT UNDER CONSTRUCTION, ATT. FORCIBLE",BURGLARY
SAFE BURGLARY OF A STORE,BURGLARY
"DISTURBING THE PEACE, FIGHTING",DISORDERLY CONDUCT
FORGE OR ALTER PRESCRIPTION,DRUG/NARCOTIC
FURNISHING MARIJUANA,DRUG/NARCOTIC
LOITERING WHERE NARCOTICS ARE SOLD/USED,DRUG/NARCOTIC
MAINTAINING PREMISE WHERE NARCOTICS ARE SOLD/USED,DRUG/NARCOTIC
POSSESSION OF AMPHETAMINE FOR SALES,DRUG/NARCOTIC
POSSESSION OF METHADONE,DRUG/NARCOTIC
POSSESSION OF METHADONE FOR SALES,DRUG/NARCOTIC
SALE OF COCAINE,DRUG/NARCOTIC
SALE OF METH-AMPHETAMINE,DRUG/NARCOTIC
SALE OF OPIUM DERIVATIVE,DRUG/NARCOTIC
TRANSPORTATION OF COCAINE,DRUG/NARCOTIC
TRANSPORTATION OF METH-AMPHETAMINE,DRUG/NARCOTIC
"EMBEZZLEMENT, GRAND THEFT BY BROOKERS/AGENTS",EMBEZZLEMENT
"EMBEZZLEMENT, GRAND THEFT BY EMPLOYEE",LARCENY/THEFT
"EMBEZZLEMENT, PETTY THEFT BY EMPLOYEE",LARCENY/THEFT
ATTEMPTED EXTORTION,LARCENY/THEFT
EXTORTION,OTHER OFFENSES
MINOR WITHOUT PROPER PARENTAL CARE,FAMILY OFFENSES
"CHECKS, POSSESSION WITH INTENT TO PASS",FORGERY/COUNTERFEITING
"FORGERY, POSSESSION DRIVERS LICENSE OR ID-CARD",FORGERY/COUNTERFEITING
"CELLULAR OR CORDLESS PHONE COMMUNICATIONS, INTERCEPTING",FRAUD
IMPERSONATING A POLICE OFFICER,FRAUD
GAMBLING,OTHER OFFENSES
"KIDNAPPING, JUVENILE VICTIM",KIDNAPPING
ATTEMPTED THEFT FROM UNLOCKED VEHICLE,LARCENY/THEFT
EMBEZZLEMENT FROM DEPENDENT OR ELDER ADULT BY CARETAKER,LARCENY/THEFT
GRAND THEFT AUTO STRIP,LARCENY/THEFT
THEFT OF COMPUTERS OR CELL PHONES,LARCENY/THEFT
"THEFT, GRAND, BY FIDUCIARY, >$400 IN 12 MONTHS",LARCENY/THEFT
BEGGING,OTHER OFFENSES
LODGING IN PARK,OTHER OFFENSES
LOITERING,LARCENY/THEFT
AIDED CASE -PROPERTY FOR DESTRUCTION,NON-CRIMINAL
AID OR HARBOR FELON,OTHER OFFENSES
CRUELTY TO ANIMALS,OTHER OFFENSES
DISRUPTS SCHOOL ACTIVITIES,OTHER OFFENSES
ESCAPE FROM JAIL,OTHER OFFENSES
FORTUNE TELLING,OTHER OFFENSES
INDECENT EXPOSURE (JUVENILE VICTIM),OTHER OFFENSES
INDECENT EXPOSURE WITH PRIOR CONVICTION,OTHER OFFENSES
OBSTRUCTIONS ON STREETS/SIDEWALKS,OTHER OFFENSES
OPEN CONTAINER OF ALCOHOL IN VEHICLE,OTHER OFFENSES
"PHONE CALLS, OBSCENE",OTHER OFFENSES
POSSESSION OF ARTICLES WITH IDENTIFICATION REMOVE,OTHER OFFENSES
SPEEDING,OTHER OFFENSES
ATTEMPTED ROBBERY CHAIN STORE WITH A KNIFE,ROBBERY
ATTEMPTED ROBBERY COMM. ESTABLISHMENT WITH A GUN,ROBBERY
ROBBERY OF A CHAIN STORE WITH A GUN,ROBBERY
ROBBERY OF A CHAIN STORE WITH BODILY FORCE,ROBBERY
ROBBERY OF A COMMERCIAL ESTABLISHMENT W/ A KNIFE,ROBBERY
ANNOY OR MOLEST CHILDREN,"SEX OFFENSES, FORCIBLE"
ASSAULT TO RAPE WITH BODILY FORCE,ASSAULT
"FORCIBLE RAPE, ARMED WITH A DANGEROUS WEAPON",ROBBERY
SODOMY,"SEX OFFENSES, FORCIBLE"
SODOMY (ADULT VICTIM),"SEX OFFENSES, FORCIBLE"
UNLAWFUL SEXUAL INTERCOURSE,OTHER OFFENSES
"STOLEN ELECTRONICS, POSSESSION",STOLEN PROPERTY
SUICIDE BY FIREARMS,SUICIDE
SUICIDE BY JUMPING,SUICIDE
SUICIDE BY STRANGULATION,SUICIDE
"SUSPICIOUS AUTO, POSSIBLY SEX",SUSPICIOUS OCC
"SUSPICIOUS OCCURRENCE, POSSIBLE SHOTS FIRED",SUSPICIOUS OCC
DAMAGE TO FIRE ALARM APPARATUS,VANDALISM
STOLEN MISCELLANEOUS VEHICLE,VEHICLE THEFT
FIREARM WITH ALTERED IDENTIFICATION,WEAPON LAWS
LOCATED EXPLOSIVE DEVICE,NON-CRIMINAL
POSS OF DEADLY WEAPON WITH INTENT TO ASSAULT,WEAPON LAWS
POSSESSION OF AIR GUN,WEAPON LAWS
"WEAPON, ASSAULT, POSSESSION, MANUFACTURE, OR SALE",ASSAULT
ARSON OF AN INHABITED DWELLING,ARSON
"FIREARM,Â DISCHARGING IN GROSSLY NEGLIGENT MANNER",ASSAULT
THREAT OR FORCE TO RESIST EXECUTIVE OFFICER,ASSAULT
THREATS TO SCHOOL TEACHERS,ASSAULT
"BURGLARY OF HOTEL ROOM, FORCIBLE ENTRY",BURGLARY
"BURGLARY OF STORE, ATTEMPTED FORCIBLE ENTRY",BURGLARY
"BURGLARY,BLDG. UNDER CONSTRUCTION, UNLAWFUL ENTRY",BURGLARY
DRIVING WHILE UNDER THE INFLUENCE OF DRUGS,DRIVING UNDER THE INFLUENCE
"HYPODERMIC NEEDLE OR SYRINGE, POSSESSION",DRUG/NARCOTIC
PLANTING/CULTIVATING MARIJUANA,DRUG/NARCOTIC
TRANSPORTAION OF CONTROLLED SUBSTANCE,DRUG/NARCOTIC
"CHECKS, FORGERY (MISDEMEANOR)",FORGERY/COUNTERFEITING
ATTEMPTED GRAND THEFT FROM PERSON,LARCENY/THEFT
ATTEMPTED THEFT OF A BICYCLE,LARCENY/THEFT
PETTY THEFT COIN OPERATED MACHINE,LARCENY/THEFT
THEFT OF ANIMALS (GENERAL),LARCENY/THEFT
LICENSE REQUIRED TO SELL ALCOHOL,LIQUOR LAWS
MISCELLANEOUS LIQOUR LAW VIOLATION,LIQUOR LAWS
POSSESSION OF ALCOHOL BY MINOR,OTHER OFFENSES
ACCIDENTAL SHOOTING,NON-CRIMINAL
"AIDED CASE, SICK PERSON",NON-CRIMINAL
"LICENSE PLATE, RECOVERED",OTHER OFFENSES
MISPLACED VEHICLE,NON-CRIMINAL
AGGRESSIVE SOLICITING,OTHER OFFENSES
"ANIMAL, FIGHTING",OTHER OFFENSES
BEYOND PARENTAL CONTROL,OTHER OFFENSES
DUMPING OF OFFENSIVE MATTER,OTHER OFFENSES
EVADING PAYMENT OF RAILROAD FARE,OTHER OFFENSES
FALSE PERSONATION AND CHEAT CRIMES (GENERAL),OTHER OFFENSES
INJURY TO RAILROADS/RAILROAD BRIDGES,OTHER OFFENSES
INTERFERRING WITH A POLICE OFFICER,OTHER OFFENSES
MISCELLANEOUS STATE FELONY,OTHER OFFENSES
OPERATING WITHOUT CABARET PERMIT,OTHER OFFENSES
"PROBATION VIOLATION, DV RELATED",OTHER OFFENSES
THROWING SUBSTANCE AT VEHICLE,OTHER OFFENSES
PANDERING,OTHER OFFENSES
PIMPING,PROSTITUTION
ATTEMPTED ROBBERY COMM. ESTABLISHMENT W/KNIFE,ROBBERY
ATTEMPTED ROBBERY ON THE STREET WITH A KNIFE,ROBBERY
ATTEMPTED ROBBERY RESIDENCE WITH A KNIFE,ROBBERY
ROBBERY OF A BANK WITH A GUN,ROBBERY
ORAL COPULATION,"SEX OFFENSES, FORCIBLE"
DAMAGE/DESTRUCTION OF MAIL,OTHER OFFENSES
"MALICIOUS MISCHIEF, STREET CARS/BUSES",VANDALISM
LOITERING WHILE CARRYING CONCEALED WEAPON,WEAPON LAWS
POSSESSION OF MACHINE GUN,LARCENY/THEFT
ARSON OF A COMMERCIAL BUILDING,LARCENY/THEFT
ASSAULT BY POISONING,ASSAULT
BRIBERY OF WITNESSES,BRIBERY
"DISSUADING WITNESS, VICTIM",ASSAULT
"BURGLARY OF FLAT, ATTEMPTED FORCIBLE ENTRY",BURGLARY
"DISTURBING THE PEACE, COMMOTION",DISORDERLY CONDUCT
EMBEZZLED VEHICLE,VEHICLE THEFT
"TRICK AND DEVICE, ATTEMPTED",FRAUD
ATTEMPTED GRAND THEFT PICKPOCKET,LARCENY/THEFT
"LICENSE PLATE OR TAB, THEFT OF",LARCENY/THEFT
INCITING TO RIOT,OTHER OFFENSES
"CIVIL SIDEWALKS, VIOLATION",NON-CRIMINAL
"DEMONSTRATION, VIDEO EVIDENCE, MISC. INVESTIGATION",NON-CRIMINAL
"TRUANT, HABITUAL",OTHER OFFENSES
"COMPUTER SYSTEM, ACCESSING, COPYING, OR DAMAGING",OTHER OFFENSES
PERJURY,OTHER OFFENSES
RECKLESS DRIVING,OTHER OFFENSES
VIOLATION OF FEDERAL STATUTE,OTHER OFFENSES
ENGAGING IN LEWD CONDUCT - PROSTITUTION RELATED,PROSTITUTION
ATTEMPTED ROBBERY CHAIN STORE WITH A GUN,ROBBERY
ATTEMPTED ROBBERY RESIDENCE WITH BODILY FORCE,ROBBERY
ATTEMPTED ROBBERY WITH A GUN,ROBBERY
CARJACKING WITH A KNIFE,ROBBERY
ROBBERY OF A CHAIN STORE WITH A KNIFE,ROBBERY
ROBBERY OF A COMMERCIAL ESTABLISHMENT W/ WEAPON,ROBBERY
ROBBERY OF A RESIDENCE WITH BODILY FORCE,ROBBERY
BATTERY BY JUVENILE SUSPECT,ASSAULT
ATTEMPTED SUICIDE,LARCENY/THEFT
ATTEMPTED SUICIDE BY STRANGULATION,SUICIDE
TRESPASSING OR LOITERING NEAR POSTED INDUSTRIAL PROPERTY,TRESPASS
"MALICIOUS MISCHIEF, ADULT SUSPECT",VANDALISM
"MALICIOUS MISCHIEF, JUVENILE SUSPECT",VANDALISM
"VEHICLE, RECOVERED, MOTORCYCLE",VEHICLE THEFT
PAROLE SEARCH,NON-CRIMINAL
PROBATION SEARCH,OTHER OFFENSES
"AMMUNITION, POSS. BY PROHIBITED PERSON",WEAPON LAWS
"FIREARM, CARRYING LOADED WITH INTENT TO COMMIT FELONY",WEAPON LAWS
TAMPERING WITH MARKS ON FIREARM,WEAPON LAWS
ATTEMPTED ARSON,LARCENY/THEFT
"FIRE, UNLAWFULLY CAUSING",ASSAULT
THREATENING SCHOOL OR PUBLIC EMPLOYEE,ASSAULT
"BURGLARY,FLAT UNDER CONSTRUCTION, UNLAWFUL ENTRY",BURGLARY
SAFE BURGLARY OF A WAREHOUSE,BURGLARY
ENCOURAGING MINOR TO USE MARIJUANA,DRUG/NARCOTIC
POSSESSION OF OPIATES,DRUG/NARCOTIC
SALE OF OPIATES,DRUG/NARCOTIC
"TRICK AND DEVICE, PETTY THEFT",FRAUD
KIDNAPPING DURING ROBBERY,KIDNAPPING
ATTEMPTED GRAND THEFT PURSESNATCH,LARCENY/THEFT
GRAND THEFT COIN OPERATED MACHINE,LARCENY/THEFT
PETTY THEFT PHONE BOOTH,LARCENY/THEFT
SALE OF ALCOHOL TO MINOR IN BAR,LIQUOR LAWS
UNLAWFUL TRANSPORTATION OF ALCOHOL,DRUG/NARCOTIC
"CIVIL SIDEWALKS, BOOKING",NON-CRIMINAL
HABITUAL TRUANT,OTHER OFFENSES
"HAZARDOUS SUBSTANCES, DEPOSITING",OTHER OFFENSES
SPITTING ON SIDEWALK,OTHER OFFENSES
"TRAFFIC COLLISION, HIT & RUN, INJURY",OTHER OFFENSES
ATTEMPTED ROBBERY OF A BANK WITH A DEADLY WEAPON,ROBBERY
ATTEMPTED ROBBERY WITH A DEADLY WEAPON,ASSAULT
"FORCIBLE RAPE, ARMED WITH A GUN",ROBBERY
"PENETRATION, FORCED, WITH OBJECT","SEX OFFENSES, FORCIBLE"
"SEXUAL ASSAULT, AGGRAVATED, OF CHILD",ASSAULT
"STOLEN CHECKS, POSSESSION",VEHICLE THEFT
ENROUTE TO PROBATION OFFICER,WARRANTS
CARRYING OF CONCEALED WEAPON BY CONVICTED FELON,WEAPON LAWS
POSS OF FIRE BOMB,OTHER OFFENSES
POSS OF TEAR GAS WEAPON,WEAPON LAWS
AGGRAVATED ASSAULT ON POLICE OFFICER WITH A KNIFE,ASSAULT
ATTEMPTED HOMICIDE WITH BODILY FORCE,ASSAULT
ATTEMPTED MAYHEM WITH A DEADLY WEAPON,ASSAULT
"CIVIL RIGHTS, INCL. INJURY, THREAT, OR DAMAGE (HATE CRIMES)",ASSAULT
MAYHEM WITH A KNIFE,ASSAULT
MAYHEM WITH BODILY FORCE,ASSAULT
"BURGLARY,FLAT UNDER CONSTRUCTION, FORCIBLE ENTRY",BURGLARY
SAFE BURGLARY OF AN APARTMENT,BURGLARY
"CHILDREN, ABANDONMENT & NEGLECT OF (GENERAL)",FAMILY OFFENSES
CONCEALMENT/REMOVAL OF CHILD WITHOUT CONSENT,FAMILY OFFENSES
"FINANCIAL STATEMENTS, FALSE",FORGERY/COUNTERFEITING
THEFT OF WRITTEN INSTRUMENT,LARCENY/THEFT
INCIDENT ON SCHOOL GROUNDS,OTHER OFFENSES
"PERMIT VIOLATION, SIDEWALK SALES",OTHER OFFENSES
HUMAN TRAFFICKING,PROSTITUTION
ATTEMPTED ROBBERY COMM. ESTAB. WITH BODILY FORCE,ROBBERY
ASSAULT TO RAPE WITH A SHARP INSTRUMENT,"SEX OFFENSES, FORCIBLE"
"CHILD ABUSE, PORNOGRAPHY","SEX OFFENSES, FORCIBLE"
"STOLEN CELLULAR PHONE, NON-CLONED, POSSESSION",STOLEN PROPERTY
"STOLEN COMPUTER, POSSESSION",OTHER OFFENSES
ATTEMPTED SUICIDE BY LACERATION,SUICIDE
"FIREARM, ARMED WHILE POSSESSING CONTROLLED SUBSTANCE",WEAPON LAWS
POSSESSION OF EXPLOSIVE DEVICE,WEAPON LAWS
"ASSAULT, AGGRAVATED, ON POLICE OFFICER, W/ GUN",ASSAULT
SAFE BURGLARY,BURGLARY
POSSESSION OF HALLUCINOGENIC FOR SALES,DRUG/NARCOTIC
SALE OF AMPHETAMINE,DRUG/NARCOTIC
"EMBEZZLEMENT, GRAND THEFT PRIVATE PROPERTY",LARCENY/THEFT
"TELEPHONE OR TELEGRAPH MESSAGE, SENDING FALSE",OTHER OFFENSES
FALSE REPORT OF EMERGENCY,OTHER OFFENSES
"THEFT OF TELECOMMUNICATION SERVICES, INCL. CLONE PHONE",LARCENY/THEFT
EVADING A POLICE VEHICLE OR BICYCLE,OTHER OFFENSES
"LICENSE PLATE, STOLEN",OTHER OFFENSES
"VEHICLE, DISABLED PLACARD VIOLATION",OTHER OFFENSES
ATTEMPTED ROBBERY CHAIN STORE WITH BODILY FORCE,ROBBERY
ATTEMPTED ROBBERY COMM. ESTAB. WITH DEADLY WEAPON,ROBBERY
ROBBERY OF A RESIDENCE WITH A DANGEROUS WEAPON,ROBBERY
ATTEMPTED SUICIDE BY INGESTION,SUICIDE
LOITERING WITHOUT LAWFUL BUSINESS WITH OWNER OR OCCUPANT,TRESPASS
"AUTO, GRAND THEFT OF",LARCENY/THEFT
STOLEN TRAILER,VEHICLE THEFT
"BURGLARY,APT UNDER CONSTRUCTION, FORCIBLE ENTRY",BURGLARY
SALES COCAINE BASE/SCHOOLYARD TRAFFICKING ACT VIO,DRUG/NARCOTIC
MERCHANDISE TITLE DOCUMENT FRAUD,LARCENY/THEFT
REMAINING ON CAMPUS WITHOUT CONSENT,LOITERING
"DOG, STRAY OR VICIOUS",OTHER OFFENSES
OVERCHARGING TAXI FARE,OTHER OFFENSES
PEEPING TOM,OTHER OFFENSES
"TOBACCO PRODUCTS, SELLING OR FURNISHING TO MINOR",OTHER OFFENSES
ATTEMPTED ROBBERY CHAIN STORE WITH DEADLY WEAPON,ROBBERY
"SHOPLIFTING, FORCE AGAINST AGENT",ROBBERY
POST RELEASE COMMUNITY SUPERVISION,WARRANTS
"WEAPON, POSSESS OR BRING OTHER ON SCHOOL GROUNDS",WEAPON LAWS
"BURGLARY OF WAREHOUSE, ATTEMPTED FORCIBLE ENTRY",BURGLARY
"BURGLARY,RESIDENCE UNDER CONSTRT, ATT. FORCIBLE",BURGLARY
SAFE BURGLARY OF A RESIDENCE,BURGLARY
IMMORAL ACTS OR DRUNK IN PRESENCE OF CHILD,OTHER OFFENSES
"FORGERY, GOVERNMENT OR CORPORATE SEALS",FORGERY/COUNTERFEITING
"SHORT CHANGE, PETTY THEFT",FRAUD
"KIDNAPPER, POSING AS",OTHER OFFENSES
"CASH DISPENSING MACHINES (ATM), LOITERING PROHIBI",LOITERING
UNLAWFUL ASSEMBLY,OTHER OFFENSES
WEARING THE APPAREL OF OPPOSITE SEX TO DECEIVE,OTHER OFFENSES
ASSAULT TO COMMIT MAYHEM OR SPECIFIC SEX OFFENSES,"SEX OFFENSES, FORCIBLE"
VANDALISM OR GRAFFITI ON OR WITHIN 100 FT OF HIGHWAY,VANDALISM
MAYHEM WITH A DEADLY WEAPON,ASSAULT
"DRIVING WHILE UNDER THE INFLUENCE OF DRUGS, W/INJURY",DRIVING UNDER THE INFLUENCE
"FALSE CLAIMS, PRESENTING TO GOVERNMENT",FRAUD
"ATTEMPTED KIDNAPPING, JUVENILE VICTIM",KIDNAPPING
FAILURE TO HEED RED LIGHT AND SIREN,OTHER OFFENSES
"SCHOOL, PUBLIC, TRESPASS",OTHER OFFENSES
VIOLATION OF CIVIL GANG INJUNCTION,OTHER OFFENSES
"ROBBERY,  ATM, FORCE, ATT.",ROBBERY
"STOLEN ACCESS CARD, POSSESSION",FRAUD
"MALICIOUS MISCHIEF, BUILDING UNDER CONSTRUCTION",VANDALISM
"RESISTING PEACE OFFICER, CAUSING THEIR SERIOUS INJURY OR DEATH",ASSAULT
"DRIVING WHILE UNDER THE INFLUENCE OF ALCOHOL, W/INJURY",DRIVING UNDER THE INFLUENCE
"IDENTIFICATION, GOVERNMENT, POSSESS, MAKE OR SELL FALSE",FORGERY/COUNTERFEITING
"THEFT, DRUNK ROLL, $200-$400",LARCENY/THEFT
ACCIDENTAL BURNS,NON-CRIMINAL
INTERFERRING WITH A FIREMAN,OTHER OFFENSES
OPERATING WITHOUT DANCEHALL PERMIT,OTHER OFFENSES
PUBLIC TRANSIT CRIMES - INFRACTIONS,OTHER OFFENSES
ENGAGING IN LEWD ACT,OTHER OFFENSES
"ORAL COPULATION, UNLAWFUL (ADULT VICTIM)","SEX OFFENSES, FORCIBLE"
ATTEMPTED HOMICIDE WITH A DANGEROUS WEAPON,ASSAULT
"LASERS, DISCHARGING OR LIGHTS AT AIRCRAFT",ASSAULT
THREAT TO STATE OFFICIAL OR JUDGE,ASSAULT
BRIBERY OF EXECUTIVE OFFICER,ASSAULT
"ATTEMPTED KIDNAPPING, ADULT VICTIM",KIDNAPPING
ATTEMPTED AUTO STRIP,LARCENY/THEFT
THEFT OF UTILITY SERVICES,LARCENY/THEFT
"VIN, ALTER OR REMOVE",OTHER OFFENSES
ROBBERY OF A SERVICE STATION WITH A GUN,ROBBERY
INCEST,OTHER OFFENSES
"FIREARM, NEGLIGENT DISCHARGE",VEHICLE THEFT
POSSESSION OF CAUSTIC CHEMICAL,WEAPON LAWS
"EMBEZZLEMENT, GRAND THEFT LEASED PROPERTY",LARCENY/THEFT
MINOR ON ON-SALE LICENSED PREMISE,LIQUOR LAWS
"DEATH, ACCIDENTAL",NON-CRIMINAL
DRIVES VEHICLE ALONG TRACK OF RAILROAD,OTHER OFFENSES
MASSAGE ESTABLISHMENT PERMIT VIOLATION,OTHER OFFENSES
"SCHOOL PROPERTY, DISTURBANCE ON",OTHER OFFENSES
ROBBERY OF A BANK WITH A DANGEROUS WEAPON,ROBBERY
ASSAULT BY JUVENILE SUSPECT,ASSAULT
"BURGLARY,APT UNDER CONSTRUCTION, ATT. FORCIBLE",BURGLARY
TRANSPORTATION OF HEROIN,DRUG/NARCOTIC
"THEFT, GRAND, OF FIREARM",LARCENY/THEFT
"FIREWORKS, THROW AT PERSON OR DISCHARGE IN CROWD",OTHER OFFENSES
MINOR PURCHASING OR RECEIVING TOBACCO PRODUCT,OTHER OFFENSES
POSSESSION OF OBSCENE MATTER FOR SALE,DRUG/NARCOTIC
ROBBERY OF A RESIDENCE WITH A KNIFE,ROBBERY
"STOLEN METALS, RECEIVING",STOLEN PROPERTY
"AEROSOL CONTAINER; SALE, PURCHASE OR POSSESSION OF",VANDALISM
"CONCEAL CRIME OR WITHHOLD EVIDENCE, ACCEPTING PAYMENT TO",OTHER OFFENSES
LOITERS AROUND PUBLIC TOILET FOR LEWD ACT,LOITERING
"HAZARDOUS MATERIALS, STORE WITHOUT PERMIT",OTHER OFFENSES
RESCUING PRISONER FROM LAWFUL CUSTODY,OTHER OFFENSES
VIOLATION OF FIRE CODE,OTHER OFFENSES
"ROBBERY,  ATM, GUN",ROBBERY
FIREARM POSSESSION IN SCHOOL ZONE,VEHICLE THEFT
MONEY OFFENSE RELATED TO NARCOTICS TRAFFICKING,DRUG/NARCOTIC
POSSESSION OF OPIUM DERIVATIVE,DRUG/NARCOTIC
CRIMES AGAINST REVENUE & PROPERTY OF STATE,OTHER OFFENSES
"THEFT, BICYCLE, <$50, NO SERIAL NUMBER",LARCENY/THEFT
FALSE FIRE ALARM,OTHER OFFENSES
"HAZARDOUS MATERIALS, DUMPING IN UNAUTHORIZED LOCATION",OTHER OFFENSES
OTHER OFFENSES AGAINST PUBLIC JUSTICE,OTHER OFFENSES
"PERMIT VIOLATION, ADVERTISING HANDBILL DISTRIBUTION",OTHER OFFENSES
"PERMIT VIOLATION, ENTERTAINMENT",OTHER OFFENSES
ASSAULT TO RAPE WITH A DANGEROUS WEAPON,ASSAULT
ATTEMPTED SUICIDE BY JUMPING,SUICIDE
SUICIDE BY LACERATION,SUICIDE
DAMAGE TO MAIL BOX,VANDALISM
PETTY THEFT MOTORCYCLE STRIP,LARCENY/THEFT
"THEFT, BOAT",LARCENY/THEFT
"DEATH, NON-MANSLAUGHTER AUTO ACCIDENT",NON-CRIMINAL
ROBBERY OF A RESIDENCE WITH A GUN,ROBBERY
SUICIDE,OTHER OFFENSES
ARSON WITH GREAT BODILY INJURY,ASSAULT
ATTEMPTED THEFT COIN OPERATED MACHINE,LARCENY/THEFT
GRAND THEFT MOTORCYCLE STRIP,LARCENY/THEFT
LYNCHING BY RIOT,OTHER OFFENSES
PLACING TRASH ON THE STREET,OTHER OFFENSES
SOLICITS LEWD ACT,PROSTITUTION
DEFRAUDING OF VEHICLE REPAIRMAN,FRAUD
"WIRETAPS, UNAUTHORIZED",OTHER OFFENSES
"THEFT, BICYCLE, <$50, SERIAL NUMBER KNOWN",LARCENY/THEFT
VIN SWITCH,OTHER OFFENSES
"AUDIOVISUAL (VIDEO OR SOUND) RECORDINGS, UNAUTHORIZED",FRAUD
GRAND THEFT BY PROSTITUTE,LARCENY/THEFT
"SEXUAL CONTACT WITH PATIENT, FORMER PATIENT","SEX OFFENSES, NON FORCIBLE"
"BURGLARY,WAREHOUSE UNDER CONSTRT, FORCIBLE ENTRY",BURGLARY
POSSESSION OF GAMBLING PARAPHERNALIA,DRUG/NARCOTIC
"THEFT, DRUNK ROLL, >$400",LARCENY/THEFT
"DOG, BARKING",OTHER OFFENSES
"BURGLARY,BLDG. UNDER CONSTRUCTION, ATT. FORCIBLE",BURGLARY
"PRESCRIPTION, FORGE OR ALTER (4390 B&P)",DRUG/NARCOTIC
FAILURE TO PROVIDE FOR CHILD,OTHER OFFENSES
LOITERING ABOUT SCHOOL/PLAYGROUND,LOITERING
"PHONE CALLS, HARASSING, TO 911",OTHER OFFENSES
VANDALISM WITH NOXIOUS CHEMICAL,VANDALISM
SAFE BURGLARY OF A WAREHOUSE WITH EXPLOSIVES,BURGLARY
MANUFACTURE OR SALE OF COUNTERFEIT GOODS,FORGERY/COUNTERFEITING
SELLING/DISCHARGING OF FIRECRACKERS,OTHER OFFENSES
"RAPE, SPOUSAL","SEX OFFENSES, FORCIBLE"
OBSCENE OR LEWD PLAYS/PERFORMANCES,OTHER OFFENSES
ADVERTISING DISTRIBUTORS PERMIT VIOLATION,OTHER OFFENSES
"HAZARDOUS MATERIALS, DUMPING IN UNAUTHORIZED LOCATN",OTHER OFFENSES
RIOT,OTHER OFFENSES
SOLICITING COMMISSION OF A CRIME,OTHER OFFENSES
OBSCENE MOVIES/ACTS,OTHER OFFENSES
"WEAPON, POSSESSING IN PUBLIC BUILDING OR OPEN MEETING",WEAPON LAWS
SALE OF HALLUCINOGENIC,DRUG/NARCOTIC
POSSESSION OF FIRECRACKERS,OTHER OFFENSES
SCALPING TICKETS,OTHER OFFENSES
ATTEMPTED ROBBERY SERVICE STATION W/DEADLY WEAPON,ROBBERY
COMMISSION OF FELONY WHILE ARMED,OTHER OFFENSES
"WEAPON, DEADLY, EXHIBITING TO RESIST ARREST",ASSAULT
"COUNTERFEITING, PLATES OR DIES",OTHER OFFENSES
VIOLATION OF RESTRICTIONS ON A FIREARM TRANSFER,WEAPON LAWS
BATTERY DURING LABOR DISPUTE,ASSAULT
FRAUDULENT AUCTION,FRAUD
"OBSTRUCTING HEALTH FACILITY, PLACE OF WORSHIP, OR SCHOOL",OTHER OFFENSES
SALE OF SATELLITE TELEPHONE NUMBER,OTHER OFFENSES
SALE OF METHADONE,DRUG/NARCOTIC
TAMPERING WITH MAIL,OTHER OFFENSES
DESTRUCTION OF PROPERTY WITH EXPLOSIVES,NON-CRIMINAL
ROBBERY OF A SERVICE STATION WITH A KNIFE,ROBBERY
SUSPICIOUS PACKAGE,WEAPON LAWS
"CABLE TV CONNECTION OR DECODING DEVICE, UNAUTHORIZED",OTHER OFFENSES
DESTITUTE MINOR,OTHER OFFENSES
SELLING RESTRICTED GLUE TO JUVENILES,OTHER OFFENSES
FAILURE TO REGISTER AS NARCOTICS ADDICT,OTHER OFFENSES
WEAPONS POSSESSION BY JUVENILE SUSPECT,SECONDARY CODES
"FLAMMABLE OR EXPLOSIVE DEVICE, POSSESSION",WEAPON LAWS
POSS OF FIREARM SILENCER,WEAPON LAWS
REAL ESTATE FRAUD,FRAUD
"FOOD STAMPS, MISUSE OF",OTHER OFFENSES
"VEHICLE ALARM CODE GRABBING DEVICE, POSSESS OR USE",OTHER OFFENSES
INMATE/KEEPER OF HOUSE OF PROSTITUTION,PROSTITUTION
ROBBERY OF A SERVICE STATION W/DANGEROUS WEAPON,ROBBERY
"SHORT CHANGE, GRAND THEFT",FRAUD
POISONING ANIMALS,OTHER OFFENSES
ATTEMPTED ROBBERY RESIDENCE WITH A GUN,ROBBERY
SUICIDE BY INGESTION,SUICIDE
AGGRAVATED ASSAULT ON POLICE OFFICER WITH A GUN,ASSAULT
ATTEMPTED MOTORCYCLE STRIP,LARCENY/THEFT
"THEFT, DRUNK ROLL, $50-$200",LARCENY/THEFT
ESCAPE OR ASSISTING ESCAPE,OTHER OFFENSES
"ESCAPEE, JUVENILE",OTHER OFFENSES
"BIGAMY, INCEST, AND THE CRIME AGAINST NATURE (GENERAL)",OTHER OFFENSES
DAMAGE TO PARKING METERS,VANDALISM
ATTEMPTED MAYHEM WITH A KNIFE,ASSAULT
PURCHASE FEMALE FOR THE PURPOSE OF PROSTITUTION,PROSTITUTION
"ROBBERY,  ATM, OTHER WEAPON",ROBBERY
ENCOURAGING MINOR TO USE COCAINE,DRUG/NARCOTIC
"CITIZENSHIP OR ALIEN REGISTRATION, MAKING FALSE DOCUMENT",FORGERY/COUNTERFEITING
"PERMIT VIOLATION, VALET PARKING",OTHER OFFENSES
TAKING CONTRABAND INTO A REFORMATORY,OTHER OFFENSES
ROBBERY OF A BANK WITH A KNIFE,ROBBERY
"ROBBERY,  ATM, KNIFE, ATT.",ROBBERY
"BURGLARY,HOTEL UNDER CONSTRUCTION, UNLAWFUL ENTRY",BURGLARY
"THROWING OBJECT AT COMMON CARRIER, PASSENGER OR FREIGHT",OTHER OFFENSES
ATTEMPTED ROBBERY OF A BANK WITH BODILY FORCE,ROBBERY
ATTEMPTED SUICIDE BY FIREARMS,SUICIDE
"WEAPON, TAKING OR ATTEMPTING TO TAKE FROM PEACE OFFICER",WEAPON LAWS
STOLEN BUS,VEHICLE THEFT
"FOOD STAMPS, UNLAWFUL USE BY RETAILER",OTHER OFFENSES
SAFE BURGLARY WITH EXPLOSIVES,BURGLARY
REFUSING TO DISPERSE UPON LAWFUL COMMAND,LOITERING
FALSIFICATION OF MEDICAL RECORDS,FORGERY/COUNTERFEITING
"THEFT, DRUNK ROLL, <$50",LARCENY/THEFT
AUTO IMPOUNDED,NON-CRIMINAL
SAFE BURGLARY OF A HOTEL,BURGLARY
POSSESSION OF BARBITUATES FOR SALES,DRUG/NARCOTIC
MEGAN'S LAW NOTIFICATION,NON-CRIMINAL
ATTEMPTED MAYHEM WITH BODILY FORCE,ASSAULT
PHONE CALLS IN VIOLATION OF DV COURT ORDER,OTHER OFFENSES
"POLICE BROADCAST, INTERCEPTION TO COMMIT CRIME",OTHER OFFENSES
"ATTEMPTED RAPE, ARMED WITH A DANGEROUS WEAPON",ROBBERY
"EVADING A POLICE OFFICER, INJURY OR DEATH",OTHER OFFENSES
ASSAULT OR ATTEMPTED MURDER UPON GOV'T OFFICERS,OTHER OFFENSES
PUTTING SLUGS IN COIN OPERATED MACHINES,FRAUD
ABORTION,OTHER OFFENSES
"ROBBERY,  ATM, KNIFE",ROBBERY
JUVENILE PAROLE VIOLATOR,OTHER OFFENSES
WEARING MASK OR DISGUISE FOR UNLAWFUL PURPOSE,OTHER OFFENSES
ROBBERY OF A SERVICE STATION WITH BODILY FORCE,ROBBERY
TRANSPORTATION OF HALLUCINOGENIC,DRUG/NARCOTIC
CRIMES INVOLVING RECEIPTS OR TITLES,OTHER OFFENSES
POSSESSION OF GAMBLING DEVICES,DRUG/NARCOTIC
DISTURBING RELIGIOUS MEETINGS,DISORDERLY CONDUCT
VIOLATION OF STATE LABOR CODE,OTHER OFFENSES
"DRIVING, RECKLESS, WITH INJURY",OTHER OFFENSES
FALSE REPORT OF POLICE MISCONDUCT,OTHER OFFENSES
ATTEMPTED ROBBERY OF A BANK WITH A GUN,ROBBERY
SALE OF ALCOHOL AFTER HOURS,LIQUOR LAWS
SUICIDE BY ASPHYXIATION,SUICIDE
ILLEGAL TRANSPORTAION OF EXPLOSIVES,WEAPON LAWS
FALSE EVIDENCE OF AGE BY MINOR,OTHER OFFENSES
PLACING WIFE IN HOUSE OF PROSTITUTION,PROSTITUTION
"DISASTER AREA, ENTERING OR REMAINING IN",OTHER OFFENSES
BOMBING OF POLICE BUILDING,LARCENY/THEFT
"DOG OR CAT, ABANDONMENT OF",NON-CRIMINAL
UNAUTHORIZED USE OF LOUD SPEAKERS,OTHER OFFENSES
"DESTRUCTIVE DEVICE, POSSESSION OF MATERIALS",DRUG/NARCOTIC
"BURGLARY,HOTEL UNDER CONSTRUCTION, FORCIBLE ENTRY",BURGLARY
"FIREARM, POSSESSION OF WHILE WEARING MASK",WEAPON LAWS
"EAVESDROPPING DEVICES, SALE OR USE",FRAUD
IMPERSONATING PUBLIC UTILITY MEMBER,FRAUD
MINOR PURCHASING ALCOHOL,OTHER OFFENSES
TERRORIZING BY ARSON OR EXPLOSIVE DEVICE,ASSAULT
"ASSAULT, AGGRAVATED, W/ SEMI AUTO",ASSAULT
BOOKMAKING,OTHER OFFENSES
"THEFT, DRUNK ROLL, ATT.",LARCENY/THEFT
"BURGLARY OF HOTEL ROOM, ATTEMPTED FORCIBLE ENTRY",BURGLARY
"ACCESS CARD INFORMATION, PUBLICATION OF",FRAUD
YOUTH COURT,NON-CRIMINAL
DISCHARGING OFFENSIVE OR INJURIOUS SUBSTANCE IN PUBLIC AREA,OTHER OFFENSES
"ROBBERY, VEHICLE FOR HIRE, ATT., W/ GUN",ROBBERY
"PRIVACY, INVASION OF  (GENERAL)",FRAUD
KIDNAPPING DURING CARJACKING,KIDNAPPING
ATTEMPTED MAYHEM WITH A GUN,ASSAULT
"TRADE SECRETS, THEFT OR UNAUTHORIZED COPYING",LARCENY/THEFT
"ROBBERY, VEHICLE FOR HIRE, ATT., W/ FORCE",ROBBERY
SHOOTING BY JUVENILE SUSPECT,ASSAULT
"FIREARMS, SEIZING AT SCENE OF DV",OTHER OFFENSES
ATTEMPTED ROBBERY RESIDENCE WITH A DEADLY WEAPON,ROBBERY
DESTROYING JAIL PROPERTY-$200 OR UNDER,VANDALISM
ARSON OF A POLICE VEHICLE,OTHER OFFENSES
"VEHICLE, RECOVERED, MOBILE HOME-TRAILER",VEHICLE THEFT
ATTEMPTED ROBBERY OF A BANK WITH A KNIFE,ROBBERY
"EMBEZZLEMENT, GRAND THEFT BY COLLECTOR",LARCENY/THEFT
DISPLAY & SALE OF SPRAY PAINT & MARKER PENS,OTHER OFFENSES
ASSAULT BY POLICE OFFICER,ASSAULT
ENCOURAGE MINOR TO USE AMPHETAMINE,DRUG/NARCOTIC
"EMBEZZLEMENT, GRAND THEFT PUBLIC/PRIVATE OFFICIAL",EMBEZZLEMENT
TRANSPORTATION OF AMPHETAMINE,DRUG/NARCOTIC
POSSESSION OF OPIUM DERIVATIVE FOR SALES,DRUG/NARCOTIC
FAILURE TO PROVIDE FOR PARENTS,OTHER OFFENSES
"ANIMAL, WITHOUT PROPER CARE OR ATTENTION",OTHER OFFENSES
"WEAPON, ASSAULT, REGISTRATION OR TRANSFER VIOLATION",OTHER OFFENSES
TRESPASS WITHIN 30 DAYS OF CREDIBLE THREAT,ASSAULT
TRANSPORTATION OF OPIATES,DRUG/NARCOTIC
ENCOURAGE MINOR TO USE CONTROLLED SUBSTANCE,DRUG/NARCOTIC
THROWING INJURIOUS SUBSTANCE ON HIGHWAY,OTHER OFFENSES
POSSESSION OF BARBITUATES,DRUG/NARCOTIC
LOOTING DURING STATE OF EMERGENCY,OTHER OFFENSES
ATTEMPTED SUICIDE BY ASPHYXIATION,SUICIDE
SAFE BURGLARY OF A FLAT,BURGLARY
ESCAPE OF PRISONER WHILE HOSPITALIZED,OTHER OFFENSES
ATTEMPTED RAPE WITH A GUN,LARCENY/THEFT
"BATHROOM HOLE, LOOKING THROUGH",OTHER OFFENSES
"ROBBERY,  ATM, GUN, ATT.",ROBBERY
"DRUG OFFENDER, PRESENCE  NEAR SCHOOL GROUNDS",OTHER OFFENSES
SALE OF ALCOHOL BY MINOR,OTHER OFFENSES
CURFEW VIOLATION,OTHER OFFENSES
HEATING VIOLATION  APT/HOTEL,OTHER OFFENSES
"ATTEMPTED RAPE, ARMED WITH A SHARP INSTRUMENT","SEX OFFENSES, FORCIBLE"
"HAZARDOUS MATERIALS, SPILL ON ROADWAY",OTHER OFFENSES
ATTEMPTED ROBBERY SERVICE STATION W/BODILY FORCE,ROBBERY
ENCOURAGE MINOR TO USE BARBITUATES,DRUG/NARCOTIC
ATTEMPTED HOMICIDE WITH EXPLOSIVES,ASSAULT
SALE OF OPIUM,DRUG/NARCOTIC
"DEATH REPORT, IN CUSTODY",NON-CRIMINAL
"DOG, FIGHTING;  OWNING, FIGHTING, OR ATTENDING FIGHT",OTHER OFFENSES
"CITIZENSHIP DOCUMENT, USING FALSE",FORGERY/COUNTERFEITING
GRAND THEFT PHONE BOOTH,LARCENY/THEFT
"OBSCENE MATTER, DISTRIBUTION TO MINORS",OTHER OFFENSES
MAYHEM WITH A GUN,ASSAULT
SELL OR FURNISH ALCOHOL TO INTOXICATED PERSON,LIQUOR LAWS
"DISORDERLY HOUSE, KEEPING",OTHER OFFENSES
"VEHICLE, RECOVERED, BUS",VEHICLE THEFT
SALE OF BARBITUATES,DRUG/NARCOTIC
GAMING & HORSE RACING (GENERAL),OTHER OFFENSES
"GUIDE DOG, INTERFERING WITH",OTHER OFFENSES
POSSESSION OF OPIUM FOR SALES,DRUG/NARCOTIC
"EMBEZZLEMENT, PETTY THEFT PUBLIC/PRIVATE OFFICIAL",EMBEZZLEMENT
"EMBEZZLEMENT, GRAND THEFT BY PROPERTY CARRIER",LARCENY/THEFT
SUICIDE BY DROWNING,SUICIDE
PUTTING SLUGS IN TELEPHONE BOX,FRAUD
ASSAULT TO ROB ON THE STREET W/DEADLY WEAPON,ASSAULT
"SNIPER SCOPE, POSSESSION OF",DRUG/NARCOTIC
JUDGE/JUROR ACCEPTING A BRIBE,OTHER OFFENSES
"WEAPON, DEADLY, POSSESSION OF TO VIOLATE 136.1 PC",LARCENY/THEFT
PUSH-CART PEDDLER PERMIT VIOLATION,OTHER OFFENSES
TRANSPORTATION OF METHADONE,DRUG/NARCOTIC
"EMBEZZLEMENT, PETTY THEFT BY BROOKERS/AGENTS",EMBEZZLEMENT
ASSAULT TO ROB WITH BODILY FORCE,ASSAULT
ATTEMPTED SUICIDE BY FIRE,NON-CRIMINAL
